entry_time,direction,entry_price,pullback_score,outcome,bars_to_resolve
2024-05-24 04:00:00,Long,1.0828369855880735,100,win,2.0
2024-05-29 04:00:00,Long,1.0855406522750854,80,loss,1.0
2024-05-30 04:00:00,Long,1.0810810327529907,100,win,2.0
2024-05-31 12:00:00,Short,1.0850694179534912,-80,loss,7.0
2024-06-05 16:00:00,Long,1.0876659154891968,70,loss,11.0
2024-06-10 16:00:00,Long,1.0765421390533447,70,loss,4.0
2024-06-12 16:00:00,Short,1.0808473825454712,-80,win,5.0
2024-06-13 00:00:00,Short,1.080964207649231,-100,win,3.0
2024-06-18 04:00:00,Short,1.0726161003112793,-70,loss,2.0
2024-06-18 16:00:00,Short,1.074113845825195,-80,win,10.0
2024-06-19 00:00:00,Short,1.074113845825195,-100,win,8.0
2024-06-19 12:00:00,Short,1.0752688646316528,-80,win,5.0
2024-06-24 12:00:00,Short,1.0730764865875244,-80,win,6.0
2024-06-24 20:00:00,Short,1.0735372304916382,-80,win,4.0
2024-06-25 04:00:00,Short,1.072961449623108,-100,win,2.0
2024-06-25 20:00:00,Short,1.071237325668335,-70,win,3.0
2024-06-28 16:00:00,Short,1.071237325668335,-80,loss,2.0
2024-07-01 08:00:00,Short,1.0752688646316528,-70,win,5.0
2024-07-03 00:00:00,Short,1.0746910572052002,-100,loss,2.0
2024-07-03 08:00:00,Short,1.0760787725448608,-80,loss,1.0
2024-07-04 00:00:00,Short,1.0788650512695312,-70,loss,3.0
2024-07-09 20:00:00,Long,1.0817828178405762,70,win,6.0
2024-07-18 20:00:00,Long,1.0903936624526978,80,loss,2.0
2024-07-19 08:00:00,Long,1.089561939239502,100,loss,2.0
2024-07-19 20:00:00,Long,1.0886130332946775,100,win,1.0
2024-07-24 08:00:00,Long,1.0849517583847046,70,loss,5.0
2024-07-25 00:00:00,Long,1.0845986604690552,100,win,4.0
2024-07-29 00:00:00,Long,1.0864840745925903,70,loss,1.0
2024-07-30 00:00:00,Long,1.0824854373931885,100,loss,3.0
2024-07-30 08:00:00,Long,1.0828369855880735,100,loss,1.0
2024-07-30 16:00:00,Long,1.0813149213790894,70,win,4.0
2024-08-09 00:00:00,Long,1.0926573276519775,70,win,16.0
2024-08-09 12:00:00,Long,1.0926573276519775,70,win,13.0
2024-08-12 00:00:00,Long,1.0915838479995728,80,win,3.0
2024-08-16 04:00:00,Long,1.098780393600464,70,win,3.0
2024-08-28 12:00:00,Long,1.1129660606384275,80,loss,1.0
2024-08-28 20:00:00,Long,1.1127183437347412,100,loss,3.0
2024-08-29 20:00:00,Long,1.1082788705825806,70,loss,4.0
2024-08-30 04:00:00,Long,1.1087703704833984,100,loss,2.0
2024-09-02 00:00:00,Long,1.1052166223526,70,loss,10.0
2024-09-03 04:00:00,Long,1.1060723066329956,80,loss,1.0
2024-09-03 20:00:00,Long,1.1052166223526,100,win,4.0
2024-09-10 00:00:00,Long,1.1041183471679688,70,loss,3.0
2024-09-13 08:00:00,Short,1.1087703704833984,-70,loss,5.0
2024-09-19 00:00:00,Long,1.1119760274887085,70,win,2.0
2024-09-23 08:00:00,Long,1.1122233867645264,80,win,7.0
2024-09-24 00:00:00,Long,1.111605167388916,100,win,2.0
2024-09-25 20:00:00,Long,1.1133378744125366,80,win,4.0
2024-09-26 08:00:00,Long,1.1158223152160645,70,loss,1.0
2024-09-27 08:00:00,Long,1.1164453029632568,70,win,7.0
2024-09-27 16:00:00,Long,1.1166945695877075,70,loss,7.0
2024-09-30 04:00:00,Long,1.1175681352615356,70,loss,2.0
2024-09-30 20:00:00,Long,1.1139578819274902,80,loss,3.0
2024-10-02 00:00:00,Long,1.107419729232788,70,loss,3.0
2024-10-02 08:00:00,Long,1.1079105138778689,100,loss,1.0
2024-10-24 20:00:00,Short,1.082602620124817,-80,win,5.0
2024-10-25 08:00:00,Short,1.0824854373931885,-100,win,2.0
2024-10-28 12:00:00,Short,1.0821340084075928,-80,win,6.0
2024-10-30 00:00:00,Short,1.0816657543182373,-80,loss,2.0
2024-10-31 00:00:00,Short,1.0853049755096436,-100,loss,2.0
2024-10-31 12:00:00,Short,1.0857763290405271,-100,loss,2.0
2024-11-01 00:00:00,Short,1.087902545928955,-100,loss,3.0
2024-11-07 00:00:00,Long,1.0743446350097656,100,win,3.0
2024-11-19 04:00:00,Short,1.0582010746002195,-70,win,1.0
2024-11-20 00:00:00,Short,1.0592098236083984,-100,win,2.0
2024-11-26 12:00:00,Short,1.048327922821045,-70,loss,5.0
2024-11-27 00:00:00,Short,1.0485477447509766,-70,loss,2.0
2024-11-27 16:00:00,Short,1.0564124584197998,-80,win,16.0
2024-11-28 00:00:00,Short,1.055408954620361,-100,loss,7.0
2024-11-29 08:00:00,Short,1.0563008785247805,-100,loss,3.0
2024-11-29 20:00:00,Short,1.0580891370773315,-100,win,1.0
2024-12-06 00:00:00,Short,1.0579770803451538,-100,loss,3.0
2024-12-09 16:00:00,Short,1.0557432174682615,-100,win,5.0
2024-12-16 04:00:00,Short,1.0508617162704468,-80,loss,5.0
2024-12-17 00:00:00,Short,1.0515247583389282,-100,win,9.0
2024-12-17 16:00:00,Short,1.0492078065872192,-70,loss,3.0
2024-12-18 04:00:00,Short,1.0499789714813232,-70,win,3.0
2024-12-20 20:00:00,Short,1.0434056520462036,-80,no_resolution,
2024-12-23 04:00:00,Short,1.0415581464767456,-70,no_resolution,
2024-12-23 20:00:00,Short,1.0407993793487549,-70,loss,19.0
2024-12-25 20:00:00,Short,1.040149807929993,-70,loss,5.0
2024-12-26 04:00:00,Short,1.039933443069458,-70,loss,2.0
2024-12-27 00:00:00,Short,1.0415581464767456,-100,loss,2.0
2024-12-27 12:00:00,Short,1.042535424232483,-100,loss,5.0
2025-01-06 12:00:00,Short,1.0396090745925903,-80,loss,5.0
2025-01-07 12:00:00,Short,1.0372368097305298,-100,win,5.0
2025-01-15 00:00:00,Short,1.0305029153823853,-80,loss,3.0
2025-01-17 12:00:00,Short,1.0303966999053955,-100,loss,6.0
2025-01-21 00:00:00,Short,1.0390689373016355,-100,loss,4.0
2025-01-21 20:00:00,Short,1.0409077405929563,-100,loss,3.0
2025-01-28 04:00:00,Long,1.0437324047088623,80,loss,7.0
2025-01-28 16:00:00,Long,1.0438413619995115,100,loss,4.0
2025-01-29 12:00:00,Long,1.0423181056976318,100,loss,8.0
2025-01-30 12:00:00,Long,1.043187975883484,70,loss,2.0
2025-01-31 04:00:00,Long,1.0407993793487549,100,loss,1.0
2025-01-31 12:00:00,Long,1.0400415658950806,100,loss,2.0
2025-02-04 20:00:00,Short,1.037451982498169,-80,loss,3.0
2025-02-05 16:00:00,Short,1.0410159826278689,-100,win,11.0
2025-02-06 16:00:00,Short,1.0387451648712158,-80,win,5.0
2025-02-10 08:00:00,Long,1.032417893409729,100,loss,4.0
2025-02-12 00:00:00,Short,1.0363768339157104,-80,loss,2.0
2025-02-12 12:00:00,Short,1.0375596284866333,-100,loss,1.0
2025-02-12 20:00:00,Short,1.0393929481506348,-80,loss,1.0
2025-02-13 08:00:00,Short,1.0405826568603516,-100,loss,1.0
2025-02-13 16:00:00,Short,1.0439503192901611,-80,loss,1.0
2025-02-18 20:00:00,Long,1.04504132270813,80,loss,3.0
2025-02-19 16:00:00,Long,1.0428615808486938,100,win,5.0
2025-02-25 00:00:00,Long,1.0475592613220217,70,win,3.0
2025-02-27 04:00:00,Long,1.047998309135437,80,loss,2.0
2025-02-28 04:00:00,Long,1.039933443069458,70,loss,3.0
2025-02-28 20:00:00,Long,1.0380982160568235,70,win,1.0
2025-03-04 00:00:00,Short,1.047998309135437,-80,loss,2.0
2025-03-13 20:00:00,Long,1.0857763290405271,70,win,3.0
2025-03-19 20:00:00,Long,1.0914647579193115,70,loss,2.0
2025-03-20 16:00:00,Long,1.0856584310531616,80,loss,3.0
2025-03-21 04:00:00,Long,1.0840108394622805,100,loss,2.0
2025-03-21 16:00:00,Long,1.0820168256759644,100,loss,6.0
2025-03-24 16:00:00,Long,1.0804970264434814,100,loss,11.0
2025-03-25 08:00:00,Long,1.0820168256759644,100,loss,3.0
2025-03-26 04:00:00,Long,1.0789813995361328,100,loss,3.0
2025-03-27 00:00:00,Long,1.0781670808792114,100,win,3.0
2025-04-01 12:00:00,Long,1.0803803205490112,80,win,6.0
2025-04-01 20:00:00,Long,1.0797970294952393,80,win,4.0
2025-04-02 08:00:00,Long,1.0804970264434814,100,win,1.0
2025-04-06 20:00:00,Short,1.098780393600464,-80,loss,14.0
2025-04-07 08:00:00,Short,1.0970927476882937,-100,loss,11.0
2025-04-07 20:00:00,Short,1.0918222665786743,-70,loss,2.0
2025-04-08 00:00:00,Long,1.096611499786377,70,win,7.0
2025-04-08 08:00:00,Long,1.093732833862305,100,win,4.0
2025-04-08 16:00:00,Long,1.0960105657577517,70,win,3.0
2025-04-09 20:00:00,Long,1.0954102277755735,80,win,3.0
2025-04-23 00:00:00,Long,1.1384334564208984,80,loss,4.0
2025-04-23 20:00:00,Long,1.1332728862762451,100,win,18.0
2025-04-25 04:00:00,Long,1.1363636255264282,100,no_resolution,
2025-04-28 00:00:00,Long,1.1359764337539673,100,win,4.0
2025-04-28 08:00:00,Long,1.1354604959487915,100,win,1.0
2025-04-30 04:00:00,Long,1.1383039951324463,80,loss,2.0
2025-05-01 08:00:00,Long,1.132502794265747,100,loss,1.0
2025-05-01 16:00:00,Long,1.1291780471801758,70,win,4.0
2025-05-04 20:00:00,Long,1.132502794265747,100,loss,7.0
2025-05-05 08:00:00,Long,1.1345586776733398,70,loss,2.0
2025-05-05 16:00:00,Long,1.1319899559020996,80,loss,2.0
2025-05-06 00:00:00,Long,1.131861925125122,80,win,4.0
2025-05-06 12:00:00,Long,1.1348161697387695,70,loss,7.0
2025-05-08 00:00:00,Long,1.1330161094665527,80,loss,1.0
2025-05-09 04:00:00,Long,1.1254924535751345,100,loss,7.0
2025-05-12 00:00:00,Long,1.1235954761505127,100,loss,1.0
2025-05-13 12:00:00,Long,1.117817997932434,100,win,5.0
2025-05-14 12:00:00,Short,1.1206992864608765,-100,win,12.0
2025-05-15 04:00:00,Short,1.1201971769332886,-80,win,8.0
2025-05-15 16:00:00,Short,1.1188185214996338,-70,loss,3.0
2025-05-16 08:00:00,Short,1.1196954250335691,-70,win,1.0
2025-05-19 12:00:00,Short,1.123721718788147,-100,loss,4.0
2025-05-20 08:00:00,Short,1.124985933303833,-100,loss,2.0
2025-05-27 16:00:00,Long,1.1334012746810913,80,loss,2.0
2025-05-28 04:00:00,Long,1.1330161094665527,100,loss,2.0
2025-05-29 04:00:00,Long,1.128031611442566,100,win,2.0
2025-05-30 00:00:00,Short,1.1352026462554932,-80,loss,8.0
2025-05-30 20:00:00,Short,1.1350737810134888,-100,loss,3.0
2025-06-04 04:00:00,Long,1.1390818357467651,70,win,3.0
2025-06-08 20:00:00,Long,1.1409013271331787,70,loss,8.0
2025-06-09 12:00:00,Long,1.1428571939468384,70,loss,3.0
2025-06-10 16:00:00,Long,1.142987847328186,70,win,5.0
2025-06-18 00:00:00,Long,1.15035080909729,100,loss,4.0
2025-06-18 20:00:00,Long,1.1479737758636477,80,win,7.0
2025-06-19 04:00:00,Long,1.1465259790420532,80,win,5.0
2025-06-20 20:00:00,Long,1.1526048183441162,70,loss,1.0
2025-06-23 04:00:00,Long,1.15035080909729,80,loss,1.0
2025-07-03 20:00:00,Long,1.177440166473389,70,loss,10.0
2025-07-04 12:00:00,Long,1.178272724151611,70,loss,5.0
2025-07-06 20:00:00,Long,1.1784114837646484,70,loss,2.0
2025-07-07 12:00:00,Long,1.1737089157104492,80,loss,1.0
2025-07-07 20:00:00,Long,1.174122333526611,100,loss,4.0
2025-07-08 16:00:00,Long,1.1726078987121582,100,loss,4.0
2025-07-09 04:00:00,Long,1.1712344884872437,100,loss,8.0
2025-07-09 12:00:00,Long,1.1709601879119873,100,loss,6.0
2025-07-10 04:00:00,Long,1.1735711097717283,80,loss,2.0
2025-07-10 16:00:00,Long,1.169864296913147,80,loss,2.0
2025-07-11 04:00:00,Long,1.1693171262741089,100,loss,7.0
2025-07-14 00:00:00,Long,1.1684973239898682,80,loss,1.0
2025-07-15 00:00:00,Long,1.1679514646530151,100,loss,3.0
2025-07-16 00:00:00,Long,1.161440134048462,70,ambiguous,3.0
2025-07-16 12:00:00,Long,1.1627906560897827,100,loss,4.0
2025-07-18 00:00:00,Long,1.1627906560897827,100,win,10.0
2025-07-21 00:00:00,Short,1.1627906560897827,-70,loss,2.0
2025-07-25 16:00:00,Long,1.174812078475952,70,loss,4.0
2025-08-04 00:00:00,Short,1.1582117080688477,-100,loss,15.0
2025-08-05 16:00:00,Short,1.1576753854751587,-100,loss,4.0
2025-08-07 08:00:00,Short,1.164822340011597,-100,loss,3.0
2025-08-11 20:00:00,Long,1.1619800329208374,100,win,4.0
2025-08-13 16:00:00,Short,1.1704120635986328,-100,win,5.0
2025-08-14 16:00:00,Long,1.165229558944702,80,win,5.0
2025-08-19 04:00:00,Long,1.1686338186264038,70,loss,2.0
2025-08-20 04:00:00,Long,1.164686679840088,100,loss,8.0
2025-08-21 20:00:00,Long,1.1617100238800049,80,loss,1.0
2025-08-22 08:00:00,Long,1.1609008312225342,100,win,1.0
2025-08-25 00:00:00,Short,1.1710972785949707,-100,win,4.0
2025-08-26 00:00:00,Long,1.1629259586334229,80,loss,8.0
2025-08-26 08:00:00,Long,1.1657729148864746,100,loss,5.0
2025-08-28 00:00:00,Short,1.164686679840088,-80,loss,2.0
2025-08-28 20:00:00,Short,1.1682243347167969,-80,loss,4.0
2025-09-02 12:00:00,Long,1.1656370162963867,80,loss,3.0
2025-09-03 04:00:00,Long,1.163873314857483,100,win,2.0
2025-09-07 20:00:00,Short,1.1716461181640625,-100,loss,3.0
2025-09-08 08:00:00,Short,1.1732958555221558,-70,loss,1.0
2025-09-10 00:00:00,Long,1.1712344884872437,80,loss,7.0
2025-09-10 08:00:00,Long,1.170823097229004,80,loss,6.0
2025-09-10 20:00:00,Long,1.1706860065460205,100,ambiguous,4.0
2025-09-15 00:00:00,Long,1.173433542251587,70,win,2.0
2025-09-18 16:00:00,Long,1.1786893606185913,80,loss,4.0
2025-09-19 12:00:00,Long,1.1756407022476196,100,win,9.0
2025-09-22 04:00:00,Long,1.1752262115478516,100,win,3.0
2025-09-24 20:00:00,Long,1.1745359897613523,80,loss,4.0
2025-09-25 08:00:00,Long,1.1743981838226318,100,loss,1.0
2025-09-26 00:00:00,Long,1.1680878400802612,70,win,7.0
2025-09-26 12:00:00,Long,1.1694538593292236,100,win,5.0
2025-09-29 16:00:00,Short,1.1730204820632937,-100,loss,3.0
2025-09-30 00:00:00,Short,1.1727453470230105,-70,loss,1.0
2025-09-30 12:00:00,Short,1.17384672164917,-100,loss,1.0
2025-10-01 16:00:00,Long,1.173433542251587,80,loss,5.0
2025-10-02 16:00:00,Long,1.172195553779602,80,loss,10.0
2025-10-13 04:00:00,Short,1.1603620052337646,-70,win,6.0
2025-10-14 16:00:00,Short,1.1609008312225342,-80,loss,3.0
2025-10-15 08:00:00,Short,1.1623852252960205,-100,loss,3.0
2025-10-15 20:00:00,Short,1.164958119392395,-80,loss,1.0
2025-10-16 04:00:00,Short,1.1655012369155884,-100,loss,2.0
2025-10-17 08:00:00,Short,1.168770432472229,-100,win,7.0
2025-10-20 20:00:00,Long,1.164686679840088,80,loss,2.0
2025-10-24 20:00:00,Short,1.1631964445114136,-80,loss,1.0
2025-10-27 12:00:00,Short,1.163873314857483,-100,loss,3.0
2025-10-28 04:00:00,Short,1.1657729148864746,-100,win,2.0
2025-10-29 20:00:00,Long,1.1606314182281494,80,loss,4.0
2025-10-30 20:00:00,Long,1.1575413942337036,100,loss,4.0
2025-11-07 00:00:00,Short,1.1542012691497805,-100,loss,2.0
2025-11-07 16:00:00,Short,1.156336784362793,-100,loss,4.0
2025-11-10 00:00:00,Short,1.1558021306991575,-100,loss,2.0
2025-11-11 16:00:00,Short,1.1587486267089844,-80,loss,9.0
2025-11-12 16:00:00,Short,1.1590172052383425,-100,loss,3.0
2025-11-17 20:00:00,Long,1.1592857837677002,80,loss,9.0
2025-11-25 20:00:00,Short,1.156738042831421,-80,loss,1.0
2025-11-26 04:00:00,Short,1.1582117080688477,-100,loss,5.0
2025-12-08 00:00:00,Long,1.1653653383255005,70,loss,3.0
2025-12-08 16:00:00,Long,1.1642799377441406,100,loss,5.0
2025-12-09 20:00:00,Long,1.1631964445114136,100,win,5.0
2025-12-18 12:00:00,Long,1.1730204820632937,100,win,12.0
2025-12-19 08:00:00,Long,1.1716461181640625,100,win,7.0
2025-12-29 04:00:00,Long,1.177994966506958,70,loss,1.0
2025-12-29 12:00:00,Long,1.177163004875183,80,loss,6.0
2025-12-30 04:00:00,Long,1.1773016452789309,80,loss,2.0
2025-12-31 08:00:00,Long,1.1750881671905518,100,loss,1.0
2026-01-02 12:00:00,Long,1.175364375114441,100,loss,1.0
2026-01-05 12:00:00,Long,1.1706860065460205,100,win,3.0
2026-01-07 00:00:00,Long,1.1702749729156494,100,loss,2.0
2026-01-07 08:00:00,Long,1.169180393218994,100,loss,7.0
2026-01-12 08:00:00,Short,1.1682243347167969,-80,win,7.0
2026-01-12 16:00:00,Short,1.1675423383712769,-70,win,6.0
2026-01-19 20:00:00,Short,1.1642799377441406,-80,loss,1.0
2026-01-20 16:00:00,Short,1.1715089082717896,-70,loss,5.0
2026-01-21 00:00:00,Short,1.172195553779602,-70,win,4.0
2026-01-23 00:00:00,Short,1.1746740341186523,-70,loss,4.0
2026-01-30 08:00:00,Long,1.1953144073486328,70,loss,1.0
2026-02-02 00:00:00,Long,1.1869436502456665,100,loss,3.0
2026-02-02 20:00:00,Long,1.1802195310592651,70,no_resolution,
2026-02-03 12:00:00,Long,1.1817537546157837,100,loss,14.0
2026-02-04 16:00:00,Long,1.1811953783035278,100,loss,7.0
2026-02-05 04:00:00,Long,1.1802195310592651,100,loss,4.0
2026-02-06 00:00:00,Long,1.1791062355041504,100,win,3.0
2026-02-09 00:00:00,Long,1.182172775268555,70,win,1.0
2026-02-12 08:00:00,Long,1.1887779235839844,70,loss,2.0
2026-02-13 16:00:00,Long,1.1869436502456665,100,loss,8.0
2026-02-16 16:00:00,Long,1.1858175992965698,80,loss,3.0
2026-02-17 16:00:00,Long,1.1851149797439575,100,loss,5.0
2026-02-19 04:00:00,Long,1.180498123168945,100,loss,1.0
2026-02-19 20:00:00,Long,1.177163004875183,70,loss,3.0
2026-02-23 04:00:00,Short,1.182592272758484,-80,win,1.0
2026-02-23 16:00:00,Short,1.179523468017578,-70,loss,14.0
2026-02-24 04:00:00,Long,1.178133845329285,80,win,11.0
2026-02-24 16:00:00,Long,1.178272724151611,100,win,8.0
2026-02-26 04:00:00,Short,1.1820330619812012,-80,win,2.0
2026-03-10 08:00:00,Short,1.1642799377441406,-80,win,7.0
2026-03-10 16:00:00,Short,1.1617100238800049,-70,win,7.0
2026-03-18 00:00:00,Short,1.1539349555969238,-100,win,4.0
2026-03-18 12:00:00,Short,1.151543140411377,-70,win,2.0
2026-03-20 00:00:00,Short,1.1560693979263306,-80,ambiguous,8.0
2026-03-20 08:00:00,Short,1.1575413942337036,-100,ambiguous,6.0
2026-03-23 20:00:00,Short,1.161035656929016,-80,win,15.0
2026-03-24 08:00:00,Short,1.1592857837677002,-100,win,14.0
2026-04-01 16:00:00,Short,1.1588828563690186,-100,win,3.0
2026-04-06 08:00:00,Short,1.1548677682876587,-80,loss,1.0
2026-04-08 16:00:00,Short,1.1674060821533203,-70,loss,5.0
2026-04-20 00:00:00,Long,1.1763322353363037,100,loss,10.0
2026-04-21 08:00:00,Long,1.177024483680725,80,loss,1.0
2026-04-21 20:00:00,Long,1.1746740341186523,100,loss,4.0
2026-04-23 04:00:00,Long,1.170548915863037,70,loss,1.0
2026-04-23 12:00:00,Long,1.170823097229004,100,loss,1.0
2026-04-24 04:00:00,Long,1.1695905923843384,100,win,4.0
2026-04-27 20:00:00,Long,1.1726078987121582,80,loss,2.0
2026-04-28 12:00:00,Long,1.1716461181640625,100,loss,6.0
2026-04-29 20:00:00,Long,1.1689070463180542,80,loss,1.0
2026-04-30 04:00:00,Long,1.1682243347167969,100,win,1.0
2026-05-01 16:00:00,Short,1.172333002090454,-100,win,8.0
2026-05-04 12:00:00,Long,1.1701380014419556,80,win,10.0
2026-05-05 04:00:00,Long,1.1694538593292236,100,win,4.0
2026-05-12 16:00:00,Long,1.1743981838226318,80,loss,3.0
2026-05-13 00:00:00,Long,1.17384672164917,80,loss,1.0
2026-05-13 12:00:00,Long,1.1715089082717896,70,loss,6.0
2026-05-13 20:00:00,Long,1.1719207763671875,100,loss,3.0
2026-05-22 04:00:00,Short,1.16130530834198,-70,loss,5.0
2026-05-25 00:00:00,Short,1.164008855819702,-80,loss,15.0
2026-05-25 12:00:00,Short,1.1645511388778689,-100,win,15.0
2026-05-26 16:00:00,Short,1.1634671688079834,-80,loss,3.0
2026-05-27 04:00:00,Short,1.16441547870636,-80,loss,2.0
2026-05-28 16:00:00,Short,1.1650937795639038,-80,loss,5.0
2026-05-29 00:00:00,Short,1.164008855819702,-100,loss,3.0
2026-05-29 16:00:00,Short,1.1667250394821167,-80,win,6.0
2026-06-02 00:00:00,Short,1.1637378931045532,-70,loss,3.0
2026-06-02 12:00:00,Short,1.16441547870636,-100,win,5.0
2026-06-04 12:00:00,Short,1.1631964445114136,-80,win,6.0
2026-06-11 08:00:00,Short,1.1542012691497805,-70,ambiguous,2.0
2026-06-11 20:00:00,Short,1.157809495925903,-80,loss,7.0
2026-06-15 08:00:00,Short,1.16130530834198,-80,win,5.0
2026-06-16 16:00:00,Short,1.161170482635498,-100,win,6.0
2026-06-26 16:00:00,Short,1.1390818357467651,-70,loss,4.0
2026-06-29 00:00:00,Short,1.1388224363327026,-70,loss,1.0
2026-06-29 20:00:00,Short,1.1423349380493164,-100,win,2.0
2026-06-30 20:00:00,Short,1.1416828632354736,-100,win,4.0
2026-07-02 08:00:00,Short,1.1406410932540894,-80,loss,1.0
2026-07-02 16:00:00,Short,1.143379807472229,-80,loss,3.0
2026-07-03 08:00:00,Short,1.145213007926941,-80,win,7.0
2026-07-06 20:00:00,Short,1.144426703453064,-80,win,5.0
2026-07-08 20:00:00,Short,1.1424654722213743,-80,loss,2.0
2026-07-09 08:00:00,Short,1.1432491540908811,-80,loss,4.0
2026-07-09 16:00:00,Short,1.143118381500244,-100,loss,2.0
2026-07-10 04:00:00,Short,1.1440337896347046,-100,win,5.0
2026-07-14 16:00:00,Short,1.1424654722213743,-80,loss,6.0
2026-07-15 04:00:00,Short,1.1425960063934326,-100,loss,3.0
2026-07-16 08:00:00,Short,1.1471836566925049,-100,win,2.0
2026-07-17 20:00:00,Long,1.1445575952529907,70,loss,1.0
2026-07-23 04:00:00,Short,1.1427265405654907,-80,win,1.0
2026-07-27 04:00:00,Short,1.1402509212493896,-80,win,2.0
2026-07-29 08:00:00,Short,1.1384334564208984,-70,loss,2.0
2026-07-30 04:00:00,Short,1.144164800643921,-100,loss,1.0
2026-08-07 08:00:00,Long,1.1536686420440674,70,win,1.0
2026-08-11 08:00:00,Long,1.154068112373352,80,win,7.0
2026-08-12 04:00:00,Long,1.154068112373352,100,win,2.0
2026-08-12 20:00:00,Long,1.1531364917755127,80,loss,2.0
2026-08-13 04:00:00,Long,1.1528706550598145,100,win,2.0
