swing_type,swing_time,swing_price,confirmed_time
HIGH,2024-05-28 08:00:00,1.089205980300903,2024-05-29 12:00:00
LOW,2024-05-30 04:00:00,1.079097867012024,2024-05-31 08:00:00
HIGH,2024-06-04 00:00:00,1.0918222665786743,2024-06-05 04:00:00
LOW,2024-06-05 16:00:00,1.0857763290405271,2024-06-06 20:00:00
HIGH,2024-06-07 08:00:00,1.0903936624526978,2024-06-10 08:00:00
LOW,2024-06-11 12:00:00,1.0722709894180298,2024-06-12 16:00:00
HIGH,2024-06-12 12:00:00,1.0854227542877195,2024-06-13 16:00:00
LOW,2024-06-14 12:00:00,1.067121982574463,2024-06-17 12:00:00
HIGH,2024-06-18 12:00:00,1.0764262676239014,2024-06-19 16:00:00
LOW,2024-06-21 04:00:00,1.067463755607605,2024-06-24 04:00:00
HIGH,2024-06-24 12:00:00,1.0750375986099243,2024-06-25 16:00:00
LOW,2024-06-26 12:00:00,1.066894292831421,2024-06-27 16:00:00
HIGH,2024-06-27 12:00:00,1.072961449623108,2024-06-28 16:00:00
HIGH,2024-07-01 04:00:00,1.077934741973877,2024-07-02 08:00:00
LOW,2024-07-02 08:00:00,1.0713521242141724,2024-07-03 12:00:00
HIGH,2024-07-03 12:00:00,1.0818997621536257,2024-07-04 16:00:00
HIGH,2024-07-08 12:00:00,1.0848339796066284,2024-07-09 16:00:00
HIGH,2024-07-15 12:00:00,1.092418551445007,2024-07-16 16:00:00
LOW,2024-07-16 12:00:00,1.0875475406646729,2024-07-17 16:00:00
HIGH,2024-07-17 12:00:00,1.09505033493042,2024-07-18 16:00:00
HIGH,2024-07-21 20:00:00,1.0906314849853516,2024-07-23 00:00:00
LOW,2024-07-24 08:00:00,1.0829542875289917,2024-07-25 12:00:00
HIGH,2024-07-25 16:00:00,1.0871928930282593,2024-07-26 20:00:00
HIGH,2024-07-29 00:00:00,1.087311029434204,2024-07-30 04:00:00
LOW,2024-07-30 12:00:00,1.080263614654541,2024-07-31 16:00:00
HIGH,2024-07-31 12:00:00,1.0851871967315674,2024-08-01 16:00:00
HIGH,2024-08-05 12:00:00,1.1009578704833984,2024-08-06 16:00:00
HIGH,2024-08-08 04:00:00,1.0948106050491333,2024-08-09 08:00:00
LOW,2024-08-08 12:00:00,1.0886130332946775,2024-08-09 16:00:00
HIGH,2024-08-14 12:00:00,1.1049723625183103,2024-08-15 16:00:00
LOW,2024-08-15 12:00:00,1.0954102277755735,2024-08-16 16:00:00
HIGH,2024-08-21 16:00:00,1.1176930665969849,2024-08-22 20:00:00
LOW,2024-08-22 12:00:00,1.1102476119995115,2024-08-23 16:00:00
HIGH,2024-08-27 16:00:00,1.119444727897644,2024-08-28 20:00:00
LOW,2024-09-02 00:00:00,1.1044842004776,2024-09-03 04:00:00
LOW,2024-09-03 16:00:00,1.1030223369598389,2024-09-04 20:00:00
HIGH,2024-09-06 12:00:00,1.1154489517211914,2024-09-09 12:00:00
HIGH,2024-09-11 08:00:00,1.105705499649048,2024-09-12 12:00:00
LOW,2024-09-11 12:00:00,1.100594401359558,2024-09-12 16:00:00
HIGH,2024-09-17 08:00:00,1.114951491355896,2024-09-18 12:00:00
HIGH,2024-09-18 16:00:00,1.11906898021698,2024-09-19 20:00:00
LOW,2024-09-19 00:00:00,1.107419729232788,2024-09-20 04:00:00
HIGH,2024-09-20 04:00:00,1.1184431314468384,2024-09-23 04:00:00
LOW,2024-09-23 08:00:00,1.1087703704833984,2024-09-24 12:00:00
HIGH,2024-09-25 12:00:00,1.1215791702270508,2024-09-26 16:00:00
LOW,2024-09-25 16:00:00,1.1125946044921875,2024-09-26 20:00:00
LOW,2024-09-27 04:00:00,1.1128422021865845,2024-09-30 04:00:00
HIGH,2024-09-30 08:00:00,1.1212018728256226,2024-10-01 12:00:00
LOW,2024-10-04 16:00:00,1.0954102277755735,2024-10-07 16:00:00
HIGH,2024-10-08 08:00:00,1.0999890565872192,2024-10-09 12:00:00
LOW,2024-10-10 16:00:00,1.0903936624526978,2024-10-11 20:00:00
HIGH,2024-10-11 08:00:00,1.095650315284729,2024-10-14 08:00:00
LOW,2024-10-17 12:00:00,1.081548810005188,2024-10-18 16:00:00
LOW,2024-10-23 12:00:00,1.0765421390533447,2024-10-24 16:00:00
HIGH,2024-10-25 12:00:00,1.0842459201812744,2024-10-28 16:00:00
LOW,2024-10-28 04:00:00,1.078515887260437,2024-10-29 08:00:00
LOW,2024-10-29 12:00:00,1.0772379636764526,2024-10-30 16:00:00
LOW,2024-11-01 20:00:00,1.0834236145019531,2024-11-05 00:00:00
LOW,2024-11-06 12:00:00,1.0686043500900269,2024-11-07 16:00:00
HIGH,2024-11-07 12:00:00,1.0829542875289917,2024-11-08 16:00:00
HIGH,2024-11-13 12:00:00,1.0654165744781494,2024-11-14 16:00:00
LOW,2024-11-14 08:00:00,1.0503098964691162,2024-11-15 12:00:00
HIGH,2024-11-20 00:00:00,1.0612331628799438,2024-11-21 04:00:00
LOW,2024-11-22 08:00:00,1.0342330932617188,2024-11-25 12:00:00
HIGH,2024-11-27 16:00:00,1.058985471725464,2024-11-28 20:00:00
HIGH,2024-11-29 04:00:00,1.0597710609436035,2024-12-02 08:00:00
LOW,2024-12-02 16:00:00,1.046462893486023,2024-12-03 20:00:00
LOW,2024-12-04 12:00:00,1.0476689338684082,2024-12-05 16:00:00
HIGH,2024-12-06 12:00:00,1.062925100326538,2024-12-09 16:00:00
LOW,2024-12-13 04:00:00,1.0456969738006592,2024-12-16 08:00:00
HIGH,2024-12-17 00:00:00,1.0534077882766724,2024-12-18 04:00:00
LOW,2024-12-18 20:00:00,1.0346611738204956,2024-12-20 00:00:00
LOW,2024-12-20 04:00:00,1.0347682237625122,2024-12-23 08:00:00
LOW,2024-12-24 16:00:00,1.0386372804641724,2024-12-26 04:00:00
HIGH,2024-12-30 12:00:00,1.0460251569747925,2024-12-31 16:00:00
LOW,2025-01-02 16:00:00,1.0237510204315186,2025-01-03 20:00:00
HIGH,2025-01-06 12:00:00,1.0437324047088623,2025-01-07 16:00:00
LOW,2025-01-08 08:00:00,1.0278549194335938,2025-01-09 12:00:00
LOW,2025-01-13 08:00:00,1.0182262659072876,2025-01-14 12:00:00
HIGH,2025-01-15 12:00:00,1.0351966619491575,2025-01-16 16:00:00
LOW,2025-01-16 12:00:00,1.0266940593719482,2025-01-17 16:00:00
HIGH,2025-01-22 08:00:00,1.0459157228469849,2025-01-23 12:00:00
LOW,2025-01-23 16:00:00,1.0388531684875488,2025-01-24 20:00:00
HIGH,2025-01-27 12:00:00,1.053518772125244,2025-01-28 16:00:00
LOW,2025-01-29 12:00:00,1.0386372804641724,2025-01-30 16:00:00
HIGH,2025-01-30 12:00:00,1.0466820001602173,2025-01-31 16:00:00
HIGH,2025-02-05 12:00:00,1.0440592765808103,2025-02-06 16:00:00
HIGH,2025-02-07 08:00:00,1.0402579307556152,2025-02-10 12:00:00
LOW,2025-02-11 00:00:00,1.0295480489730835,2025-02-12 04:00:00
HIGH,2025-02-14 12:00:00,1.0516352653503418,2025-02-17 16:00:00
LOW,2025-02-19 16:00:00,1.0403661727905271,2025-02-20 20:00:00
HIGH,2025-02-24 00:00:00,1.0530749559402466,2025-02-25 04:00:00
LOW,2025-02-28 16:00:00,1.0362694263458252,2025-03-03 20:00:00
HIGH,2025-03-07 12:00:00,1.0889687538146973,2025-03-10 16:00:00
HIGH,2025-03-11 16:00:00,1.09505033493042,2025-03-12 20:00:00
LOW,2025-03-13 12:00:00,1.082602620124817,2025-03-14 16:00:00
HIGH,2025-03-18 08:00:00,1.0957703590393066,2025-03-19 12:00:00
LOW,2025-03-26 20:00:00,1.0736525058746338,2025-03-28 00:00:00
HIGH,2025-03-31 04:00:00,1.0850694179534912,2025-04-01 08:00:00
LOW,2025-04-01 08:00:00,1.0781670808792114,2025-04-02 12:00:00
HIGH,2025-04-03 08:00:00,1.113833785057068,2025-04-04 12:00:00
LOW,2025-04-08 12:00:00,1.089561939239502,2025-04-09 16:00:00
HIGH,2025-04-11 08:00:00,1.147315263748169,2025-04-14 08:00:00
LOW,2025-04-15 16:00:00,1.126887559890747,2025-04-16 20:00:00
HIGH,2025-04-16 16:00:00,1.1415525674819946,2025-04-17 20:00:00
HIGH,2025-04-21 08:00:00,1.1575413942337036,2025-04-22 12:00:00
HIGH,2025-04-24 20:00:00,1.1401208639144895,2025-04-27 20:00:00
LOW,2025-04-25 04:00:00,1.1321182250976562,2025-04-28 04:00:00
HIGH,2025-04-28 20:00:00,1.1428571939468384,2025-04-30 00:00:00
LOW,2025-05-01 12:00:00,1.1270145177841189,2025-05-02 16:00:00
HIGH,2025-05-02 12:00:00,1.1383039951324463,2025-05-05 12:00:00
LOW,2025-05-06 00:00:00,1.1282861232757568,2025-05-07 04:00:00
LOW,2025-05-09 00:00:00,1.1200717687606812,2025-05-12 00:00:00
LOW,2025-05-12 16:00:00,1.107051968574524,2025-05-13 20:00:00
HIGH,2025-05-14 08:00:00,1.1267606019973757,2025-05-15 12:00:00
LOW,2025-05-16 16:00:00,1.11346173286438,2025-05-19 16:00:00
HIGH,2025-05-19 08:00:00,1.1290504932403564,2025-05-20 12:00:00
LOW,2025-05-22 16:00:00,1.1261261701583862,2025-05-23 20:00:00
LOW,2025-05-28 20:00:00,1.121956706047058,2025-05-30 00:00:00
HIGH,2025-05-30 00:00:00,1.139211654663086,2025-06-02 00:00:00
LOW,2025-06-04 04:00:00,1.1362345218658447,2025-06-05 08:00:00
HIGH,2025-06-05 12:00:00,1.1496896743774414,2025-06-06 16:00:00
LOW,2025-06-06 12:00:00,1.1375269889831543,2025-06-09 12:00:00
LOW,2025-06-10 04:00:00,1.1377859115600586,2025-06-11 08:00:00
HIGH,2025-06-12 12:00:00,1.1634671688079834,2025-06-13 16:00:00
LOW,2025-06-13 08:00:00,1.1495574712753296,2025-06-16 08:00:00
HIGH,2025-06-16 12:00:00,1.1617100238800049,2025-06-17 16:00:00
LOW,2025-06-19 04:00:00,1.145081877708435,2025-06-20 08:00:00
LOW,2025-06-23 08:00:00,1.145737886428833,2025-06-24 12:00:00
HIGH,2025-07-01 08:00:00,1.1831519603729248,2025-07-02 12:00:00
LOW,2025-07-03 12:00:00,1.172333002090454,2025-07-04 16:00:00
HIGH,2025-07-07 00:00:00,1.1792453527450562,2025-07-08 04:00:00
LOW,2025-07-08 12:00:00,1.1686338186264038,2025-07-09 16:00:00
HIGH,2025-07-10 00:00:00,1.1752262115478516,2025-07-11 04:00:00
LOW,2025-07-14 04:00:00,1.1659088134765625,2025-07-15 08:00:00
HIGH,2025-07-16 12:00:00,1.1719207763671875,2025-07-17 16:00:00
HIGH,2025-07-24 12:00:00,1.1791062355041504,2025-07-25 16:00:00
HIGH,2025-07-28 00:00:00,1.177440166473389,2025-07-29 04:00:00
LOW,2025-07-30 20:00:00,1.1405109167099,2025-08-01 00:00:00
LOW,2025-08-01 12:00:00,1.1396011114120483,2025-08-04 12:00:00
HIGH,2025-08-01 20:00:00,1.1599582433700562,2025-08-04 20:00:00
LOW,2025-08-05 08:00:00,1.1532695293426514,2025-08-06 12:00:00
HIGH,2025-08-07 08:00:00,1.1701380014419556,2025-08-08 12:00:00
HIGH,2025-08-11 04:00:00,1.1679514646530151,2025-08-12 08:00:00
LOW,2025-08-11 12:00:00,1.1594202518463137,2025-08-12 16:00:00
HIGH,2025-08-13 08:00:00,1.1732958555221558,2025-08-14 12:00:00
LOW,2025-08-14 16:00:00,1.1634671688079834,2025-08-15 20:00:00
LOW,2025-08-22 04:00:00,1.1587486267089844,2025-08-25 04:00:00
HIGH,2025-08-22 16:00:00,1.1746740341186523,2025-08-25 16:00:00
LOW,2025-08-25 20:00:00,1.1606314182281494,2025-08-27 00:00:00
LOW,2025-08-27 08:00:00,1.1579434871673584,2025-08-28 12:00:00
HIGH,2025-09-01 08:00:00,1.1739845275878906,2025-09-02 12:00:00
LOW,2025-09-03 04:00:00,1.16130530834198,2025-09-04 08:00:00
LOW,2025-09-04 12:00:00,1.1634671688079834,2025-09-05 16:00:00
HIGH,2025-09-09 04:00:00,1.178272724151611,2025-09-10 08:00:00
LOW,2025-09-11 12:00:00,1.166997313499451,2025-09-12 16:00:00
HIGH,2025-09-12 04:00:00,1.1750881671905518,2025-09-15 04:00:00
HIGH,2025-09-17 16:00:00,1.1918951272964478,2025-09-18 20:00:00
HIGH,2025-09-23 20:00:00,1.1823126077651978,2025-09-25 00:00:00
LOW,2025-09-25 16:00:00,1.1650937795639038,2025-09-26 20:00:00
HIGH,2025-10-01 04:00:00,1.178133845329285,2025-10-02 08:00:00
LOW,2025-10-02 12:00:00,1.168770432472229,2025-10-03 16:00:00
LOW,2025-10-06 08:00:00,1.1656370162963867,2025-10-07 12:00:00
LOW,2025-10-09 16:00:00,1.1548677682876587,2025-10-10 20:00:00
LOW,2025-10-14 04:00:00,1.1547343730926514,2025-10-15 08:00:00
HIGH,2025-10-17 04:00:00,1.1730204820632937,2025-10-20 04:00:00
LOW,2025-10-22 12:00:00,1.158077597618103,2025-10-23 16:00:00
LOW,2025-11-05 12:00:00,1.147315263748169,2025-11-06 16:00:00
HIGH,2025-11-07 12:00:00,1.1592857837677002,2025-11-10 16:00:00
LOW,2025-11-10 16:00:00,1.1544678211212158,2025-11-11 20:00:00
HIGH,2025-11-11 12:00:00,1.1609008312225342,2025-11-12 16:00:00
HIGH,2025-11-13 16:00:00,1.1657729148864746,2025-11-14 20:00:00
HIGH,2025-11-21 08:00:00,1.1555349826812744,2025-11-24 12:00:00
LOW,2025-11-21 16:00:00,1.1494252681732178,2025-11-24 20:00:00
HIGH,2025-11-27 00:00:00,1.1617100238800049,2025-11-28 04:00:00
LOW,2025-11-28 08:00:00,1.1559356451034546,2025-12-01 12:00:00
HIGH,2025-12-01 12:00:00,1.1655012369155884,2025-12-02 16:00:00
LOW,2025-12-02 16:00:00,1.15968918800354,2025-12-03 20:00:00
HIGH,2025-12-04 08:00:00,1.168770432472229,2025-12-05 12:00:00
HIGH,2025-12-11 16:00:00,1.1764705181121826,2025-12-12 20:00:00
HIGH,2025-12-16 12:00:00,1.1806375980377195,2025-12-17 16:00:00
LOW,2025-12-17 04:00:00,1.170823097229004,2025-12-18 08:00:00
HIGH,2025-12-18 12:00:00,1.1763322353363037,2025-12-19 16:00:00
LOW,2025-12-19 12:00:00,1.1706860065460205,2025-12-22 16:00:00
HIGH,2025-12-23 20:00:00,1.1816140413284302,2025-12-25 00:00:00
HIGH,2025-12-26 12:00:00,1.179940938949585,2025-12-29 16:00:00
LOW,2025-12-31 08:00:00,1.172333002090454,2026-01-01 20:00:00
LOW,2026-01-05 12:00:00,1.1663167476654053,2026-01-06 16:00:00
HIGH,2026-01-06 04:00:00,1.174812078475952,2026-01-07 08:00:00
LOW,2026-01-09 12:00:00,1.16225004196167,2026-01-12 16:00:00
HIGH,2026-01-12 12:00:00,1.1701380014419556,2026-01-13 16:00:00
LOW,2026-01-16 12:00:00,1.1590172052383425,2026-01-19 16:00:00
HIGH,2026-01-20 12:00:00,1.177024483680725,2026-01-21 16:00:00
LOW,2026-01-21 20:00:00,1.1675423383712769,2026-01-23 00:00:00
HIGH,2026-01-27 20:00:00,1.2084592580795288,2026-01-29 00:00:00
LOW,2026-02-02 16:00:00,1.177994966506958,2026-02-03 20:00:00
HIGH,2026-02-04 08:00:00,1.1841325759887695,2026-02-05 12:00:00
LOW,2026-02-06 00:00:00,1.177024483680725,2026-02-09 04:00:00
LOW,2026-02-11 12:00:00,1.1841325759887695,2026-02-12 16:00:00
LOW,2026-02-13 04:00:00,1.1851149797439575,2026-02-16 08:00:00
HIGH,2026-02-17 20:00:00,1.1860989332199097,2026-02-19 00:00:00
LOW,2026-02-19 12:00:00,1.1745359897613523,2026-02-20 16:00:00
LOW,2026-02-24 12:00:00,1.177024483680725,2026-02-25 16:00:00
HIGH,2026-02-26 00:00:00,1.1832919120788574,2026-02-27 04:00:00
HIGH,2026-02-27 16:00:00,1.1830118894577026,2026-03-02 20:00:00
LOW,2026-03-03 12:00:00,1.1535356044769287,2026-03-04 16:00:00
LOW,2026-03-09 00:00:00,1.151145339012146,2026-03-10 04:00:00
HIGH,2026-03-10 16:00:00,1.166997313499451,2026-03-11 20:00:00
LOW,2026-03-13 20:00:00,1.141422152519226,2026-03-17 00:00:00
HIGH,2026-03-18 08:00:00,1.1556684970855713,2026-03-19 12:00:00
LOW,2026-03-19 08:00:00,1.144688606262207,2026-03-20 12:00:00
HIGH,2026-03-19 16:00:00,1.1618449687957764,2026-03-20 20:00:00
LOW,2026-03-23 08:00:00,1.1488970518112185,2026-03-24 12:00:00
HIGH,2026-03-23 12:00:00,1.1642799377441406,2026-03-24 16:00:00
HIGH,2026-03-25 00:00:00,1.1633317470550537,2026-03-26 04:00:00
LOW,2026-03-30 12:00:00,1.144819736480713,2026-03-31 16:00:00
HIGH,2026-04-01 12:00:00,1.163061261177063,2026-04-02 16:00:00
LOW,2026-04-02 08:00:00,1.1512778997421265,2026-04-03 12:00:00
LOW,2026-04-06 00:00:00,1.151012897491455,2026-04-07 04:00:00
HIGH,2026-04-10 12:00:00,1.174122333526611,2026-04-13 12:00:00
LOW,2026-04-12 20:00:00,1.1667250394821167,2026-04-14 00:00:00
HIGH,2026-04-14 12:00:00,1.1813349723815918,2026-04-15 16:00:00
HIGH,2026-04-16 00:00:00,1.182732105255127,2026-04-17 04:00:00
HIGH,2026-04-17 12:00:00,1.1852554082870483,2026-04-20 12:00:00
LOW,2026-04-19 20:00:00,1.1739845275878906,2026-04-21 00:00:00
HIGH,2026-04-20 20:00:00,1.1793843507766724,2026-04-22 00:00:00
LOW,2026-04-23 16:00:00,1.1674060821533203,2026-04-24 20:00:00
HIGH,2026-04-27 12:00:00,1.1757789850234983,2026-04-28 16:00:00
LOW,2026-04-30 04:00:00,1.1659088134765625,2026-05-01 08:00:00
HIGH,2026-05-01 12:00:00,1.178828239440918,2026-05-04 20:00:00
LOW,2026-05-05 04:00:00,1.1679514646530151,2026-05-06 08:00:00
HIGH,2026-05-06 08:00:00,1.179940938949585,2026-05-07 12:00:00
LOW,2026-05-07 20:00:00,1.1727453470230105,2026-05-10 20:00:00
LOW,2026-05-18 00:00:00,1.161170482635498,2026-05-19 04:00:00
HIGH,2026-05-18 20:00:00,1.1664528846740725,2026-05-20 00:00:00
HIGH,2026-05-20 12:00:00,1.164686679840088,2026-05-21 16:00:00
LOW,2026-05-21 12:00:00,1.1582117080688477,2026-05-22 16:00:00
HIGH,2026-05-25 12:00:00,1.1655012369155884,2026-05-26 16:00:00
LOW,2026-05-26 12:00:00,1.1621150970458984,2026-05-27 16:00:00
HIGH,2026-05-27 12:00:00,1.1664528846740725,2026-05-28 16:00:00
LOW,2026-05-28 04:00:00,1.1590172052383425,2026-05-29 08:00:00
HIGH,2026-05-29 12:00:00,1.168770432472229,2026-06-01 12:00:00
LOW,2026-06-01 12:00:00,1.161035656929016,2026-06-02 16:00:00
LOW,2026-06-08 08:00:00,1.15035080909729,2026-06-09 12:00:00
HIGH,2026-06-09 12:00:00,1.158077597618103,2026-06-10 16:00:00
LOW,2026-06-11 16:00:00,1.1506155729293823,2026-06-12 20:00:00
LOW,2026-06-16 04:00:00,1.157809495925903,2026-06-17 08:00:00
LOW,2026-06-19 04:00:00,1.1422044038772583,2026-06-22 04:00:00
LOW,2026-06-24 12:00:00,1.1328877210617063,2026-06-25 16:00:00
HIGH,2026-06-26 12:00:00,1.143379807472229,2026-06-29 12:00:00
HIGH,2026-06-29 20:00:00,1.1437721252441406,2026-07-01 00:00:00
LOW,2026-07-01 12:00:00,1.1366219520568848,2026-07-02 16:00:00
HIGH,2026-07-02 12:00:00,1.147446870803833,2026-07-03 16:00:00
HIGH,2026-07-06 20:00:00,1.145081877708435,2026-07-08 00:00:00
LOW,2026-07-08 12:00:00,1.1394712924957275,2026-07-09 16:00:00
HIGH,2026-07-10 00:00:00,1.1463946104049685,2026-07-13 00:00:00
HIGH,2026-07-15 16:00:00,1.148369312286377,2026-07-16 20:00:00
LOW,2026-07-21 20:00:00,1.1398608684539795,2026-07-23 00:00:00
HIGH,2026-07-23 04:00:00,1.1439030170440674,2026-07-24 08:00:00
LOW,2026-07-23 12:00:00,1.1367511749267578,2026-07-24 16:00:00
HIGH,2026-07-27 04:00:00,1.1420739889144895,2026-07-28 08:00:00
LOW,2026-07-28 08:00:00,1.1357183456420898,2026-07-29 12:00:00
HIGH,2026-08-03 00:00:00,1.1558021306991575,2026-08-04 04:00:00
LOW,2026-08-03 16:00:00,1.150483250617981,2026-08-04 20:00:00
HIGH,2026-08-05 20:00:00,1.156336784362793,2026-08-07 00:00:00
LOW,2026-08-06 16:00:00,1.1519410610198977,2026-08-07 20:00:00
HIGH,2026-08-07 12:00:00,1.1582117080688477,2026-08-10 12:00:00
HIGH,2026-08-12 12:00:00,1.1564704179763794,2026-08-13 16:00:00
LOW,2026-08-13 04:00:00,1.151543140411377,2026-08-14 08:00:00
HIGH,2026-08-17 08:00:00,1.1617100238800049,2026-08-18 12:00:00
